学年,組,番号,氏名,ふりがな,性別,No.,インターン企業名,日付,備考
1,5,1,浅野　心馨,あさの　こか,女,5E,江南市立宮田東保育園,7/31(金),
1,5,2,茨木　まつり,いばらき　まつり,女,5B,江南市立古知野西保育園,7/30(木),
1,5,3,今泉　美南,いまいずみ　みなみ,女,5K,江南市立古知野東保育園,7/30(木),
1,5,4,岩田　真奈,いわた　まな,女,5C,江南市立布袋西保育園,7/29(水),
1,5,5,内田　釉亜,うちだ　ゆあ,女,5A,九品寺幼稚園,7/31(金),
1,5,6,大西　彩愛,おおにし　あやね,女,1H,リスパック株式会社 真空成形工場,7/30(木),
1,5,7,小倉　美紅,おぐら　みく,女,2C,株式会社扶桑守口食品,7/28(火),
1,5,8,カイレス　カウアン,かいれす　かうあん,男,42A,江南中央食品,7/28(火),
1,5,9,加藤　いづみ,かとう　いづみ,女,43B,きもの館なかね,7/27(月),
1,5,10,河野　叶夢,こうの　かのん,女,43B,きもの館なかね,7/27(月),
1,5,11,駒田　ひな,こまだ　ひな,女,42B,ガレ・ドゥ・ワタナベ,7/29(水),
1,5,12,近藤　瑠香,こんどう　るか,女,5F,江南市立草井保育園,7/28(火),
1,5,13,佐々　碧美,さっさ　あおみ,女,42B,ガレ・ドゥ・ワタナベ,7/29(水),
1,5,14,沢田　芽衣奈,さわだ　めいな,女,5F,江南市立草井保育園,7/28(火),
1,5,15,清水　栞那,しみず　かんな,女,2C,株式会社扶桑守口食品,7/28(火),
1,5,16,鈴木　琴梨,すずき　ことり,女,2B,サンハウス食品株式会社,7/28(火),
1,5,17,鈴木　紗柚,すずき　さゆ,女,1G,株式会社青山製作所　大口工場,7/27(月),
1,5,18,仙田　舞緒,せんだ　まお,女,5G,江南市立古知野中保育園,7/30(木),
1,5,19,髙木　梨緒奈,たかぎ　りおな,女,2B,サンハウス食品株式会社,7/28(火),
1,5,20,高山　美波,たかやま　みなみ,女,2D,大口屋木賀工場,7/27(月),
1,5,21,田代　あや,たしろ　あや,女,2D,大口屋木賀工場,7/27(月),
1,5,22,舘　ひゆか,たち　ひゆか,女,5C,江南市立布袋西保育園,7/29(水),
1,5,23,田本　美優,たもと　みゆ,女,5I,江南市立古知野南保育園,7/31(金),
1,5,24,長井　柚香,ながい　ゆずか,女,1K,グンゼ江南工場,7/31(金),
1,5,25,長坂　奈々美,ながさか　ななみ,女,5E,江南市立宮田東保育園,7/31(金),
1,5,26,丹羽　悠,にわ　はる,男,5M,江南市立宮田南保育園,7/27(月),
1,5,27,丹羽　福寧,にわ　ふくね,女,44A1,榮美容室本店,7/29(水),
1,5,28,納富　ももな,のうとみ　ももな,女,5J,江南市立布袋北保育園,7/31(金),
1,5,29,長谷川　璃央,はせがわ　りお,女,2D,大口屋木賀工場,7/28(火),
1,5,30,林　優花,はやし　ゆうか,女,2C,株式会社扶桑守口食品,7/27(月),
1,5,31,松井　結愛,まつい　ゆあ,女,5K,江南市立古知野東保育園,7/30(木),
1,5,32,松尾　実里,まつお　みのり,女,5B,江南市立古知野西保育園,7/30(木),
1,5,33,丸山　莉奈,まるやま　りな,女,42B,ガレ・ドゥ・ワタナベ,7/30(木),
1,5,34,毛利　虹都,もうり　こと,女,1C,東罐興業株式会社　小牧工場,7/31(金),
1,5,35,森　莞介,もり　げんすけ,男,42A,江南中央食品,7/29(水),
1,5,36,森　こころ,もり　こころ,女,5Q,江南市立小鹿保育園,7/30(木),
1,5,37,湯浅　怜,ゆあさ　れい,女,2D,大口屋木賀工場,7/28(火),
1,5,38,吉村　佳於実,よしむら　かおみ,女,42B,ガレ・ドゥ・ワタナベ,7/30(木),
1,5,39,米倉　陽斗,よねくら　はると,男,5G,江南市立古知野中保育園,7/30(木),
1,5,40,渡邊　凛音,わたなべ　りの,女,2C,株式会社扶桑守口食品,7/27(月),
2,1,1,青木　唯,あおき　ゆい,女,3B,キムラユニティー株式会社　犬山工場,7/29(水),
2,1,2,市村　都胡,いちむら　とこ,女,5E,江南市立宮田東保育園,8/25(火),
2,1,3,伊藤　陽向,いとう　ひなた,男,5L,江南市立門弟山保育園,8/24(月),
2,1,4,岩田　妃里,いわた　ひより,女,5D,江南市立古知野北保育園,8/28(金),
2,1,6,鵜飼　里桜,うかい　りお,女,41B,ドコモショップ江南店,7/27(月),
2,1,7,江端　彩花,えばた　あやか,女,41C,江南郵便局,8/25(火),
2,1,8,川本　唯月,かわもと　ゆづき,女,5A,九品寺幼稚園,8/26(水),
2,1,9,喜多川　美優,きたがわ　みゆ,女,41E,株式会社綿半ホームエイド江南店,8/26(水),
2,1,10,佐伯　大介,さえき　だいすけ,男,44C,TJ天気予報 7mm 北名古屋店,8/25(火),
2,1,11,佐川　紅葉,さがわ　くれは,女,1G,株式会社青山製作所　大口工場,7/27(月),
2,1,12,佐藤　優羽,さとう　ゆう,女,44D,アメーテールアーム,8/26(水),
2,1,13,杉本　愛奈,すぎもと　あいな,女,41B,ドコモショップ江南店,7/27(月),
2,1,14,髙木　琢也,たかぎ　たくや,男,3A,株式会社メイコン　本社,7/31(金),
2,1,15,高野　莉花,たかの　りか,女,1B,東名化学工業株式会社　小牧工場,7/28(火),
2,1,17,竹田　愛美,たけだ　まなみ,女,5I,江南市立古知野南保育園,7/31(金),
2,1,18,土屋　紗織,つちや　さおり,女,5M,江南市立宮田南保育園,8/25(火),
2,1,19,中田　俊哉,なかた　としや,男,3B,キムラユニティー株式会社　犬山工場,7/29(水),
2,1,20,中村　有沙,なかむら　ありさ,女,41E,株式会社綿半ホームエイド江南店,8/26(水),
2,1,21,破石　愛実,はせき　まなみ,女,41E,株式会社綿半ホームエイド江南店,7/29(水),
2,1,22,濱　時光,はま　ときみつ,男,2A,福玉米粒麦株式会社,8/24(月),
2,1,23,繁昌　心春,はんじょう　こはる,女,5J,江南市立布袋北保育園,8/28(金),
2,1,24,前畑　ひなた,まえはた　ひなた,女,5N,江南市立布袋東保育園,8/26(水),
2,1,25,増田　結衣,ますだ　ゆい,女,1A,株式会社デンケン,8/26(水),
2,1,26,間宮　千夏,まみや　ちなつ,女,44A2,サロンド榮,8/26(水),
2,1,27,水田　愛弓,みずた　あゆみ,女,1H,リスパック株式会社 真空成形工場,7/30(木),
2,1,28,水谷　心春,みずたに　こはる,女,1H,リスパック株式会社 真空成形工場,7/30(木),
2,1,29,村瀬　常行,むらせ　じょい,男,1K,グンゼ江南工場,7/31(金),
2,1,30,村瀬　はるか,むらせ　はるか,女,5O,江南市立宮田保育園,8/27(木),
2,1,31,安井　音色,やすい　ねいろ,女,44C,TJ天気予報 7mm 北名古屋店,8/25(火),
2,1,32,山崎　尊生,やまざき　たける,男,1K,グンゼ江南工場,7/31(金),
2,1,33,山田　結愛,やまだ　ゆあ,女,44B,美容室ISA,8/24(月),
2,1,34,山本　周馬,やまもと　しゅうま,男,1I,株式会社東海理化電機製作所,8/25(火),
2,1,35,山本　凛太朗,やまもと　りんたろう,男,1I,株式会社東海理化電機製作所,8/25(火),
2,1,36,吉本　衣織,よしもと　いおり,女,5P,江南市立藤里保育園,7/27(月),
2,2,1,阿部　秀樹,あべ　ひでき,男,2A,福玉米粒麦株式会社,8/24(月),
2,2,2,和泉　遥斗,いずみ　はると,男,41A,株式会社愛知イエローハット　一宮店,8/25(火),
2,2,3,今井　悠人,いまい　はると,男,41C,江南郵便局,8/25(火),
2,2,4,大島　蓮,おおしま　れん,男,41E,株式会社綿半ホームエイド江南店,7/29(水),
2,2,5,尾関　隼多,おぜき　しゅんた,男,41C,江南郵便局,8/25(火),
2,2,6,亀島　花南,かめしま　はな,女,3A,株式会社メイコン　本社,7/31(金),
2,2,7,川野　鈴音,かわの　りの,女,41A,株式会社愛知イエローハット　一宮店,8/26(水),
2,2,8,北川　晃羽,きたがわ　こう,男,5Q,江南市立小鹿保育園,7/30(木),先方都合により7/30に変更済
2,2,9,笹山　伶華,ささやま　りょうか,女,3D,ＮＸキャッシュ・ロジスティクス株式会社　中部支店,7/30(木),
2,2,10,髙橋　潤夏,たかはし　かんな,女,5N,江南市立布袋東保育園,8/26(水),
2,2,11,中野　妃織,なかの　ひおり,女,3D,ＮＸキャッシュ・ロジスティクス株式会社　中部支店,7/30(木),
2,2,12,長屋　未羽,ながや　みう,女,5H,江南市立布袋保育園,8/24(月),
2,2,13,橋本　舞,はしもと　まい,女,5P,江南市立藤里保育園,7/28(火),
2,2,14,原田　アマンダ,はらだ　あまんだ,女,1G,株式会社青山製作所　大口工場,7/29(水),
2,2,15,半谷　健,はんや　たける,男,3D,ＮＸキャッシュ・ロジスティクス株式会社　中部支店,7/30(木),
2,2,16,菱川　優奈,ひしかわ　ゆな,女,41A,株式会社愛知イエローハット　一宮店,8/27(木),
2,2,17,藤井　来娃,ふじい　こあ,女,44A3,FUSION,8/27(木),
2,2,18,藤井　瞳伍,ふじい　とうご,男,41A,株式会社愛知イエローハット　一宮店,8/25(火),
2,2,19,水野　心瑚,みずの　ここ,女,5O,江南市立宮田保育園,8/27(木),
2,2,20,吉田　恩頼,よしだ　ふゆ,女,5P,江南市立藤里保育園,7/29(水),
2,3,1,石田　柚樹,いしだ　ゆずき,女,5Q,江南市立小鹿保育園,8/24(月),
2,3,2,磯部　由稀,いそべ　よしき,男,5D,江南市立古知野北保育園,8/28(金),
2,3,3,井上　颯斗,いのうえ　はやと,男,5L,江南市立門弟山保育園,8/24(月),
2,3,4,岩田　煌叶,いわた　こうが,男,5D,江南市立古知野北保育園,8/28(金),
2,3,5,奥西　楓威,おくにし　ふうい,男,1E,アイカテック建材株式会社名古屋工場,8/26(水),
2,3,6,河井　奏音,かわい　かのん,女,5N,江南市立布袋東保育園,8/27(木),
2,3,7,北瀬　未留,きたせ　みる,女,41A,株式会社愛知イエローハット　一宮店,8/27(木),
2,3,8,木下　夢萌,きのした　ゆめ,女,1B,東名化学工業株式会社　小牧工場,7/31(金),
2,3,9,後藤　颯太,ごとう　そうた,男,5D,江南市立古知野北保育園,8/28(金),
2,3,10,永田　絢楓,ながた　あやか,女,1G,株式会社青山製作所　大口工場,8/25(火),
2,3,11,藤　愛留,ふじ　あいる,女,1H,リスパック株式会社 真空成形工場,7/30(木),
2,3,12,藤井　玖典,ふじい　ひさのり,男,1K,グンゼ江南工場,7/31(金),福玉ロジスティクスより変更済み
2,3,13,舟渡　駿,ふなと　しゅん,男,1B,東名化学工業株式会社　小牧工場,7/31(金),
2,3,14,松枝　沙空,まつえだ　さら,女,1A,株式会社デンケン,8/27(木),
2,3,15,松山　響,まつやま　ひびき,男,1K,グンゼ江南工場,7/31(金),福玉ロジスティクスより変更済み
2,3,16,水野　瑠斗,みずの　りゅうと,男,41A,株式会社愛知イエローハット　一宮店,8/26(水),
2,3,17,矢田　六花,やだ　りっか,女,1H,リスパック株式会社 真空成形工場,7/30(木),
2,3,18,横井　彩凪,よこい　あやな,女,44B,美容室ISA,8/24(月),
2,3,19,吉川　巧,よしかわ　たくみ,男,1E,アイカテック建材株式会社名古屋工場,8/26(水),
2,4,1,岩崎　なる,いわさき　なる,女,43A,GARN（ガルン）　モゾワンダーシティ店,7/27(月),
2,4,2,岩田　志帆,いわた　しほ,女,43B,きもの館なかね,8/24(月),
2,4,3,岩田　苺子,いわた　まいこ,女,5G,江南市立古知野中保育園,7/30(木),
2,4,4,岩田　理緒,いわた　りお,女,43B,きもの館なかね,8/24(月),
2,4,5,江崎　未空,えさき　みく,女,5K,江南市立古知野東保育園,8/24(月),
2,4,6,大藪　香菜,おおやぶ　かな,女,5M,江南市立宮田南保育園,8/25(火),
2,4,7,奥山　璃音,おくやま　りおん,女,5P,江南市立藤里保育園,7/30(木),
2,4,8,兼松　沙也恵,かねまつ　さやえ,女,5B,江南市立古知野西保育園,8/24(月),
2,4,9,橘川　汐穏,きっかわ　しおん,男,5A,九品寺幼稚園,8/26(水),
2,4,10,倉知　万結,くらち　まゆ,女,44D,アメーテールアーム,8/26(水),
2,4,12,小澤　奏太,こざわ　そうた,男,3D,ＮＸキャッシュ・ロジスティクス株式会社　中部支店,7/30(木),
2,4,13,佐々　輝夏,ささ　てぃな,女,1G,株式会社青山製作所　大口工場,8/25(火),
2,4,14,清水　愛里,しみず　あいり,女,3B,キムラユニティー株式会社　犬山工場,7/29(水),
2,4,15,杉野　百香,すぎの　ももか,女,1J,株式会社林商店,8/27(木),
2,4,16,杉原　良聡,すぎはら　つかさ,男,1A,株式会社デンケン,8/27(木),
2,4,17,杉山　暁音,すぎやま　あきと,男,1E,アイカテック建材株式会社名古屋工場,8/26(水),
2,4,18,鈴木　李望,すずき　りみ,女,3C,福玉ロジスティクス株式会社　大口センター,7/31(金),
2,4,19,永田　結梨,ながた　ゆり,女,1J,株式会社林商店,8/27(木),
2,4,20,長谷川　心海,はせがわ　ここみ,女,1B,東名化学工業株式会社　小牧工場,7/28(火),
2,4,21,馬場　羽音,ばば　うた,女,1G,株式会社青山製作所　大口工場,7/29(水),
2,4,22,伴　結月,ばん　ゆづき,女,5K,江南市立古知野東保育園,7/31(金),1Cより変更済み(7/1)
2,4,23,日野　彩音,ひの　あやね,女,5N,江南市立布袋東保育園,8/27(木),
2,4,24,松尾　英治,まつお　えいじ,男,3A,株式会社メイコン　本社,7/31(金),
2,4,25,松川　怜央,まつかわ　れお,男,3C,福玉ロジスティクス株式会社　大口センター,7/31(金),
2,4,26,宮下　守楽,みやした　しゅら,男,5K,江南市立古知野東保育園,8/24(月),
2,4,27,宮本　佑亜,みやもと　ゆあ,女,5Q,江南市立小鹿保育園,8/24(月),
2,4,28,武藤　弓葵,むとう　ゆあ,女,1A,株式会社デンケン,8/26(水),
2,4,29,横地　杏月,よこち　あづき,女,1I,株式会社東海理化電機製作所,8/25(火),
